/*
SQLyog Ultimate v12.09 (64 bit)
MySQL - 5.7.17-log : Database - wenda
*********************************************************************
*/

/*!40101 SET NAMES utf8 */;

/*!40101 SET SQL_MODE=''*/;

/*!40014 SET @OLD_UNIQUE_CHECKS=@@UNIQUE_CHECKS, UNIQUE_CHECKS=0 */;
/*!40014 SET @OLD_FOREIGN_KEY_CHECKS=@@FOREIGN_KEY_CHECKS, FOREIGN_KEY_CHECKS=0 */;
/*!40101 SET @OLD_SQL_MODE=@@SQL_MODE, SQL_MODE='NO_AUTO_VALUE_ON_ZERO' */;
/*!40111 SET @OLD_SQL_NOTES=@@SQL_NOTES, SQL_NOTES=0 */;
CREATE DATABASE /*!32312 IF NOT EXISTS*/`wenda` /*!40100 DEFAULT CHARACTER SET utf8 */;

USE `wenda`;

/*Table structure for table `comment` */

DROP TABLE IF EXISTS `comment`;

CREATE TABLE `comment` (
  `id` int(11) NOT NULL AUTO_INCREMENT,
  `content` text NOT NULL,
  `user_id` int(11) NOT NULL,
  `entity_id` int(11) NOT NULL,
  `entity_type` int(11) NOT NULL,
  `created_date` datetime NOT NULL,
  `status` int(11) NOT NULL DEFAULT '0',
  PRIMARY KEY (`id`),
  KEY `entity_index` (`entity_id`,`entity_type`),
  FULLTEXT KEY `index_comment` (`content`)
) ENGINE=InnoDB AUTO_INCREMENT=48 DEFAULT CHARSET=utf8;

/*Data for the table `comment` */

insert  into `comment`(`id`,`content`,`user_id`,`entity_id`,`entity_type`,`created_date`,`status`) values (15,'真的吗',14,22,1,'2018-03-07 17:36:49',0),(16,'你好好',14,18,1,'2018-03-08 15:08:26',0),(17,'灌水了~',15,23,1,'2018-03-08 16:29:19',0),(18,'踩一下~',15,22,1,'2018-03-08 16:29:31',0),(19,'你也好',15,21,1,'2018-03-08 16:29:38',0),(20,'回答333',15,20,1,'2018-03-08 16:29:45',0),(21,'回答222',15,19,1,'2018-03-08 16:29:51',0),(22,'回答111',15,18,1,'2018-03-08 16:29:59',0),(23,'123',14,23,1,'2018-03-08 19:29:37',0),(24,'评论你',14,24,1,'2018-03-10 20:46:00',0),(25,'评论你',14,24,1,'2018-03-10 20:58:00',0),(26,'泥嚎',15,28,1,'2018-03-10 21:28:30',0),(28,'其实这些东西很多成分都是中国人搞的，就算是比spark早了10年的微软的一摸一样的只给自己用的cosmos，里面也有大量的中国人在做，很多算法也是中国人想出来发了论文的。你要问的是，为什么中国人在中国的公司就搞不出这样的东西，这才是正确的提问方法。当然这个问题很简单&mdash;&mdash;你搞出来了就能当老板吗？',16,38,1,'2018-03-12 23:55:59',0),(29,'总是有人分不清楚搞不出和没搞出的区别。\r\n\r\n\r\n\r\n所以问题修改一下为什么中国没搞出来这俩东西，是不是就客观和简单多了。\r\n\r\n当年的Google有钱、有需求、有人才，没搞出才是奇怪的事情吧。',2,38,1,'2018-03-12 23:57:50',0),(30,'你算一算牛逼人物几个是美国人？\r\n\r\n图灵，冯诺依曼，包括后来的一系列，美国人不算多，只不过他们最终都会去美国。\r\n\r\n美国的环境待遇都不能算很好，为啥这些人去美国搞事业？\r\n\r\n\r\n因为别国更烂',15,38,1,'2018-03-12 23:59:32',0),(31,'servlet就是你写在容器（如tomcat）里的动态资源，远程客户端点击或者一个url请求会封装成一个http请求，到你的服务端后由容器解析http请求，并封装为java servlet请求和响应，最后放进servlet的service方法根据请求作出服务。\r\n',14,39,1,'2018-03-13 00:03:31',0),(32,'你可以这么认为，那个 java文件接收了字符串然后进行了处理。',15,39,1,'2018-03-13 00:04:03',0),(33,'浏览器发送一个HTTP请求，HTTP请求由Web容器分配给特定的Servlet进行处理，Servlet的本质是一个Java对象，这个对象拥有一系列的方法来处理HTTP请求。常见的方法有doGet()，doPost()等。Web容器中包含了多个Servlet，特定的HTTP请求该由哪一个Servlet来处理是由Web容器中的web.xml来决定的。\r\n',2,39,1,'2018-03-13 00:04:31',0),(34,'Hornik的这篇论文讲的很清楚，里边有证明和推导过程，你可以看一下。Hornik, Kurt, Maxwell Stinchcombe, and Halbert White. &quot;Multilayer feedforward networks are universal approximators.&quot; Neural networks 2.5 (1989): 359-366.\r\n',14,40,1,'2018-03-13 00:05:59',0),(35,'就我形象化的理解是：任何个一维曲线都可以，用无穷小区间分割，每个区间就是一个参数，每个区间高度就是参数值，三维同理。类似微积分中的分割求和。\r\n实际上就是用大量参数拟合函数。',15,40,1,'2018-03-13 00:06:19',0),(36,'因为你看到的，只是你看到的呀！你没有从上帝的视角去看一下，在你点击某个按钮的一瞬间，全世界几千万人可能也在点同一个按钮！Scale，scale！Scale带来大量的直接cost，而这些直接的cost会带来大量的第二级的间接的cost，第二级的会带来第三级的&hellip;&hellip;\r\n',14,41,1,'2018-03-13 00:07:25',0),(37,'功能上面虽然不复杂,但是要完成的细节却很多.　比如news feed里面的推荐算法就很重要,要根据用户之前的记录和与好友的关系来生成.　另外就是根据用户的信息和行为,要做机器学习和数据挖掘,从而来挑出最匹配的广告.这也是比较花人力的事情.',16,41,1,'2018-03-13 00:07:57',0),(38,'我觉得吧，前面高票答案说的很好了，不过我要补充一下，除了&quot;简单的功能随着用户规模增长工作量几何级数增加&quot;之外，还有两个点：其实这些网站说不上&quot;不太复杂&quot;，尤其是Facebook真的很复杂，题主觉得简单是因为题主只会用自己熟悉的一小部分功能，每个用户都是如此，但是网站这种东西其实一个小小的链接点进去就是个新世界，再小众的功能，它的工作量也不会变小。公司雇佣的员工，大部分都是在做未来的尝试，而不是改版或者维护，大量的业务死在上线前或者小规模试运营阶段。\r\n',2,41,1,'2018-03-13 00:08:16',0),(39,'扶我起来，还能嗨',15,37,1,'2018-03-13 00:12:34',0),(40,'test',15,32,1,'2018-03-13 00:12:45',0),(41,'a new day !',15,33,1,'2018-03-13 00:12:55',0),(42,'你倒是问啊~',15,34,1,'2018-03-13 00:13:08',0),(43,'泥嚎~',16,33,1,'2018-03-13 00:13:25',0),(44,'中文',14,42,1,'2018-03-13 11:50:46',0),(45,'??',14,41,1,'2018-03-13 11:51:59',0),(46,'不是很懂',14,41,1,'2018-03-13 11:52:55',0),(47,'',3,41,1,'2018-03-13 19:00:14',0);

/*Table structure for table `feed` */

DROP TABLE IF EXISTS `feed`;

CREATE TABLE `feed` (
  `id` int(11) NOT NULL AUTO_INCREMENT,
  `created_date` datetime DEFAULT NULL,
  `user_id` int(11) DEFAULT NULL,
  `data` tinytext,
  `type` int(11) DEFAULT NULL,
  PRIMARY KEY (`id`),
  KEY `user_index` (`user_id`)
) ENGINE=InnoDB AUTO_INCREMENT=89 DEFAULT CHARSET=utf8;

/*Data for the table `feed` */

insert  into `feed`(`id`,`created_date`,`user_id`,`data`,`type`) values (1,'2018-03-10 17:09:36',2,'{\"userHead\":\"http://images.nowcoder.com/head/447t.png\",\"questionId\":\"23\",\"questionTitle\":\"灌水\",\"userName\":\"admin\",\"userId\":\"2\"}',4),(2,'2018-03-10 17:12:23',2,'{\"userHead\":\"http://images.nowcoder.com/head/447t.png\",\"questionId\":\"23\",\"questionTitle\":\"灌水\",\"userName\":\"admin\",\"userId\":\"2\"}',4),(3,'2018-03-10 17:22:52',2,'{\"userHead\":\"http://images.nowcoder.com/head/447t.png\",\"questionId\":\"23\",\"questionTitle\":\"灌水\",\"userName\":\"admin\",\"userId\":\"2\"}',4),(4,'2018-03-10 17:40:36',2,'{\"userHead\":\"http://images.nowcoder.com/head/447t.png\",\"questionId\":\"23\",\"questionTitle\":\"灌水\",\"userName\":\"admin\",\"userId\":\"2\"}',4),(5,'2018-03-10 18:51:36',15,'{\"userHead\":\"http://images.nowcoder.com/head/956t.png\",\"questionId\":\"23\",\"questionTitle\":\"灌水\",\"userName\":\"BBB\",\"userId\":\"15\"}',4),(6,'2018-03-10 19:09:36',15,'{\"userHead\":\"http://images.nowcoder.com/head/956t.png\",\"questionId\":\"23\",\"questionTitle\":\"灌水\",\"userName\":\"BBB\",\"userId\":\"15\"}',4),(7,'2018-03-10 19:13:17',15,'{\"userHead\":\"http://images.nowcoder.com/head/956t.png\",\"questionId\":\"23\",\"questionTitle\":\"灌水\",\"userName\":\"BBB\",\"userId\":\"15\"}',4),(8,'2018-03-10 19:13:26',15,'{\"userHead\":\"http://images.nowcoder.com/head/956t.png\",\"questionId\":\"23\",\"questionTitle\":\"灌水\",\"userName\":\"BBB\",\"userId\":\"15\"}',4),(9,'2018-03-10 19:13:35',15,'{\"userHead\":\"http://images.nowcoder.com/head/956t.png\",\"questionId\":\"23\",\"questionTitle\":\"灌水\",\"userName\":\"BBB\",\"userId\":\"15\"}',4),(10,'2018-03-10 19:15:06',15,'{\"userHead\":\"http://images.nowcoder.com/head/956t.png\",\"questionId\":\"23\",\"questionTitle\":\"灌水\",\"userName\":\"BBB\",\"userId\":\"15\"}',4),(11,'2018-03-10 19:15:09',15,'{\"userHead\":\"http://images.nowcoder.com/head/956t.png\",\"questionId\":\"23\",\"questionTitle\":\"灌水\",\"userName\":\"BBB\",\"userId\":\"15\"}',4),(12,'2018-03-10 19:15:56',15,'{\"userHead\":\"http://images.nowcoder.com/head/956t.png\",\"questionId\":\"23\",\"questionTitle\":\"灌水\",\"userName\":\"BBB\",\"userId\":\"15\"}',4),(13,'2018-03-10 19:25:22',15,'{\"userHead\":\"http://images.nowcoder.com/head/956t.png\",\"questionId\":\"23\",\"questionTitle\":\"灌水\",\"userName\":\"BBB\",\"userId\":\"15\"}',4),(14,'2018-03-10 19:27:26',15,'{\"userHead\":\"http://images.nowcoder.com/head/956t.png\",\"questionId\":\"23\",\"questionTitle\":\"灌水\",\"userName\":\"BBB\",\"userId\":\"15\"}',4),(15,'2018-03-10 20:22:28',14,'{\"userHead\":\"http://images.nowcoder.com/head/970t.png\",\"questionId\":\"23\",\"questionTitle\":\"灌水\",\"userName\":\"AAA\",\"userId\":\"14\"}',4),(16,'2018-03-10 20:22:32',14,'{\"userHead\":\"http://images.nowcoder.com/head/970t.png\",\"questionId\":\"22\",\"questionTitle\":\"今天天气怎么样\",\"userName\":\"AAA\",\"userId\":\"14\"}',4),(17,'2018-03-10 20:22:34',14,'{\"userHead\":\"http://images.nowcoder.com/head/970t.png\",\"questionId\":\"21\",\"questionTitle\":\"你好\",\"userName\":\"AAA\",\"userId\":\"14\"}',4),(18,'2018-03-10 20:22:38',14,'{\"userHead\":\"http://images.nowcoder.com/head/970t.png\",\"questionId\":\"19\",\"questionTitle\":\"问题222\",\"userName\":\"AAA\",\"userId\":\"14\"}',4),(19,'2018-03-10 20:46:00',14,'{\"userHead\":\"http://images.nowcoder.com/head/970t.png\",\"questionId\":\"24\",\"questionTitle\":\"feed流\",\"userName\":\"AAA\",\"userId\":\"14\"}',1),(20,'2018-03-10 20:53:37',14,'{\"userHead\":\"http://images.nowcoder.com/head/970t.png\",\"questionId\":\"18\",\"questionTitle\":\"问题111\",\"userName\":\"AAA\",\"userId\":\"14\"}',4),(21,'2018-03-10 21:04:08',14,'',1),(22,'2018-03-10 21:05:01',14,'{\"userHead\":\"http://images.nowcoder.com/head/970t.png\",\"questionId\":\"24\",\"questionTitle\":\"feed流\",\"userName\":\"AAA\",\"userId\":\"14\"}',4),(23,'2018-03-10 21:23:32',14,'{\"userHead\":\"http://images.nowcoder.com/head/970t.png\",\"questionId\":\"28\",\"questionTitle\":\"请插入***\",\"userName\":\"AAA\",\"userId\":\"14\"}',6),(24,'2018-03-10 21:24:57',14,'{\"userHead\":\"http://images.nowcoder.com/head/970t.png\",\"questionId\":\"29\",\"questionTitle\":\"水\",\"userName\":\"AAA\",\"userId\":\"14\"}',6),(25,'2018-03-10 21:26:16',14,'{\"userHead\":\"http://images.nowcoder.com/head/970t.png\",\"questionId\":\"31\",\"questionTitle\":\"水水\",\"userName\":\"AAA\",\"userId\":\"14\"}',6),(26,'2018-03-10 21:28:07',15,'{\"userHead\":\"http://images.nowcoder.com/head/956t.png\",\"questionId\":\"31\",\"questionTitle\":\"水水\",\"userName\":\"BBB\",\"userId\":\"15\"}',4),(27,'2018-03-10 21:28:19',15,'{\"userHead\":\"http://images.nowcoder.com/head/956t.png\",\"questionId\":\"28\",\"questionTitle\":\"请插入***\",\"userName\":\"BBB\",\"userId\":\"15\"}',4),(28,'2018-03-10 21:28:30',15,'{\"userHead\":\"http://images.nowcoder.com/head/956t.png\",\"questionId\":\"28\",\"questionTitle\":\"请插入***\",\"userName\":\"BBB\",\"userId\":\"15\"}',1),(29,'2018-03-11 10:54:12',14,'{\"userHead\":\"http://images.nowcoder.com/head/970t.png\",\"questionId\":\"29\",\"questionTitle\":\"水\",\"userName\":\"AAA\",\"userId\":\"14\"}',4),(30,'2018-03-12 20:34:26',14,'{\"userHead\":\"http://images.nowcoder.com/head/970t.png\",\"questionId\":\"33\",\"questionTitle\":\"新的一天\",\"userName\":\"AAA\",\"userId\":\"14\"}',6),(31,'2018-03-12 20:46:53',14,'{\"userHead\":\"http://images.nowcoder.com/head/970t.png\",\"questionId\":\"34\",\"questionTitle\":\"再问个问题\",\"userName\":\"AAA\",\"userId\":\"14\"}',6),(32,'2018-03-12 20:49:48',14,'{\"userHead\":\"http://images.nowcoder.com/head/970t.png\",\"questionId\":\"35\",\"questionTitle\":\"东南大学\",\"userName\":\"AAA\",\"userId\":\"14\"}',6),(33,'2018-03-12 20:56:04',14,'{\"userHead\":\"http://images.nowcoder.com/head/970t.png\",\"questionId\":\"36\",\"questionTitle\":\"全文索引测试\",\"userName\":\"AAA\",\"userId\":\"14\"}',6),(34,'2018-03-12 20:59:04',14,'{\"userHead\":\"http://images.nowcoder.com/head/970t.png\",\"questionId\":\"35\",\"questionTitle\":\"东南大学\",\"userName\":\"AAA\",\"userId\":\"14\"}',4),(35,'2018-03-12 21:53:39',14,'{\"userHead\":\"http://images.nowcoder.com/head/970t.png\",\"questionId\":\"37\",\"questionTitle\":\"天黑了\",\"userName\":\"AAA\",\"userId\":\"14\"}',6),(36,'2018-03-12 23:32:51',14,'{\"userHead\":\"http://images.nowcoder.com/head/970t.png\",\"questionId\":\"37\",\"questionTitle\":\"天黑了\",\"userName\":\"AAA\",\"userId\":\"14\"}',4),(37,'2018-03-12 23:32:54',14,'{\"userHead\":\"http://images.nowcoder.com/head/970t.png\",\"questionId\":\"36\",\"questionTitle\":\"全文索引测试\",\"userName\":\"AAA\",\"userId\":\"14\"}',4),(38,'2018-03-12 23:33:00',14,'{\"userHead\":\"http://images.nowcoder.com/head/970t.png\",\"questionId\":\"34\",\"questionTitle\":\"再问个问题\",\"userName\":\"AAA\",\"userId\":\"14\"}',4),(39,'2018-03-12 23:33:04',14,'{\"userHead\":\"http://images.nowcoder.com/head/970t.png\",\"questionId\":\"33\",\"questionTitle\":\"新的一天\",\"userName\":\"AAA\",\"userId\":\"14\"}',4),(40,'2018-03-12 23:33:21',14,'{\"userHead\":\"http://images.nowcoder.com/head/970t.png\",\"questionId\":\"32\",\"questionTitle\":\"网络\",\"userName\":\"AAA\",\"userId\":\"14\"}',4),(41,'2018-03-12 23:33:24',14,'{\"userHead\":\"http://images.nowcoder.com/head/970t.png\",\"questionId\":\"31\",\"questionTitle\":\"水水\",\"userName\":\"AAA\",\"userId\":\"14\"}',4),(42,'2018-03-12 23:33:27',14,'{\"userHead\":\"http://images.nowcoder.com/head/970t.png\",\"questionId\":\"30\",\"questionTitle\":\"123\",\"userName\":\"AAA\",\"userId\":\"14\"}',4),(43,'2018-03-12 23:33:29',14,'{\"userHead\":\"http://images.nowcoder.com/head/970t.png\",\"questionId\":\"29\",\"questionTitle\":\"水\",\"userName\":\"AAA\",\"userId\":\"14\"}',4),(44,'2018-03-12 23:33:39',14,'{\"userHead\":\"http://images.nowcoder.com/head/970t.png\",\"questionId\":\"28\",\"questionTitle\":\"请插入***\",\"userName\":\"AAA\",\"userId\":\"14\"}',4),(45,'2018-03-12 23:53:00',14,'{\"userHead\":\"http://images.nowcoder.com/head/970t.png\",\"questionId\":\"38\",\"questionTitle\":\"为什么在中国搞不出 Spark 和 Hadoop 这种东西？\",\"userName\":\"AAA\",\"userId\":\"14\"}',6),(46,'2018-03-12 23:53:28',16,'{\"userHead\":\"http://images.nowcoder.com/head/169t.png\",\"questionId\":\"38\",\"questionTitle\":\"为什么在中国搞不出 Spark 和 Hadoop 这种东西？\",\"userName\":\"CCC\",\"userId\":\"16\"}',1),(47,'2018-03-12 23:55:59',16,'{\"userHead\":\"http://images.nowcoder.com/head/169t.png\",\"questionId\":\"38\",\"questionTitle\":\"为什么在中国搞不出 Spark 和 Hadoop 这种东西？\",\"userName\":\"CCC\",\"userId\":\"16\"}',1),(48,'2018-03-12 23:56:05',16,'{\"userHead\":\"http://images.nowcoder.com/head/169t.png\",\"questionId\":\"38\",\"questionTitle\":\"为什么在中国搞不出 Spark 和 Hadoop 这种东西？\",\"userName\":\"CCC\",\"userId\":\"16\"}',4),(49,'2018-03-12 23:57:36',2,'{\"userHead\":\"http://images.nowcoder.com/head/447t.png\",\"questionId\":\"38\",\"questionTitle\":\"为什么在中国搞不出 Spark 和 Hadoop 这种东西？\",\"userName\":\"admin\",\"userId\":\"2\"}',4),(50,'2018-03-12 23:57:50',2,'{\"userHead\":\"http://images.nowcoder.com/head/447t.png\",\"questionId\":\"38\",\"questionTitle\":\"为什么在中国搞不出 Spark 和 Hadoop 这种东西？\",\"userName\":\"admin\",\"userId\":\"2\"}',1),(51,'2018-03-12 23:59:13',15,'{\"userHead\":\"http://images.nowcoder.com/head/956t.png\",\"questionId\":\"38\",\"questionTitle\":\"为什么在中国搞不出 Spark 和 Hadoop 这种东西？\",\"userName\":\"BBB\",\"userId\":\"15\"}',4),(52,'2018-03-12 23:59:33',15,'{\"userHead\":\"http://images.nowcoder.com/head/956t.png\",\"questionId\":\"38\",\"questionTitle\":\"为什么在中国搞不出 Spark 和 Hadoop 这种东西？\",\"userName\":\"BBB\",\"userId\":\"15\"}',1),(53,'2018-03-13 00:02:28',16,'{\"userHead\":\"http://images.nowcoder.com/head/169t.png\",\"questionId\":\"39\",\"questionTitle\":\"servlet的本质是什么，它是如何工作的？\",\"userName\":\"CCC\",\"userId\":\"16\"}',6),(54,'2018-03-13 00:02:31',16,'{\"userHead\":\"http://images.nowcoder.com/head/169t.png\",\"questionId\":\"39\",\"questionTitle\":\"servlet的本质是什么，它是如何工作的？\",\"userName\":\"CCC\",\"userId\":\"16\"}',4),(55,'2018-03-13 00:02:38',14,'{\"userHead\":\"http://images.nowcoder.com/head/970t.png\",\"questionId\":\"39\",\"questionTitle\":\"servlet的本质是什么，它是如何工作的？\",\"userName\":\"AAA\",\"userId\":\"14\"}',4),(56,'2018-03-13 00:03:31',14,'{\"userHead\":\"http://images.nowcoder.com/head/970t.png\",\"questionId\":\"39\",\"questionTitle\":\"servlet的本质是什么，它是如何工作的？\",\"userName\":\"AAA\",\"userId\":\"14\"}',1),(57,'2018-03-13 00:03:52',15,'{\"userHead\":\"http://images.nowcoder.com/head/956t.png\",\"questionId\":\"39\",\"questionTitle\":\"servlet的本质是什么，它是如何工作的？\",\"userName\":\"BBB\",\"userId\":\"15\"}',4),(58,'2018-03-13 00:04:03',15,'{\"userHead\":\"http://images.nowcoder.com/head/956t.png\",\"questionId\":\"39\",\"questionTitle\":\"servlet的本质是什么，它是如何工作的？\",\"userName\":\"BBB\",\"userId\":\"15\"}',1),(59,'2018-03-13 00:04:16',2,'{\"userHead\":\"http://images.nowcoder.com/head/447t.png\",\"questionId\":\"39\",\"questionTitle\":\"servlet的本质是什么，它是如何工作的？\",\"userName\":\"admin\",\"userId\":\"2\"}',4),(60,'2018-03-13 00:04:31',2,'{\"userHead\":\"http://images.nowcoder.com/head/447t.png\",\"questionId\":\"39\",\"questionTitle\":\"servlet的本质是什么，它是如何工作的？\",\"userName\":\"admin\",\"userId\":\"2\"}',1),(61,'2018-03-13 00:05:31',2,'{\"userHead\":\"http://images.nowcoder.com/head/447t.png\",\"questionId\":\"40\",\"questionTitle\":\"神经网络为什么可以（理论上）拟合任何函数？\",\"userName\":\"admin\",\"userId\":\"2\"}',6),(62,'2018-03-13 00:05:38',2,'{\"userHead\":\"http://images.nowcoder.com/head/447t.png\",\"questionId\":\"40\",\"questionTitle\":\"神经网络为什么可以（理论上）拟合任何函数？\",\"userName\":\"admin\",\"userId\":\"2\"}',4),(63,'2018-03-13 00:05:52',14,'{\"userHead\":\"http://images.nowcoder.com/head/970t.png\",\"questionId\":\"40\",\"questionTitle\":\"神经网络为什么可以（理论上）拟合任何函数？\",\"userName\":\"AAA\",\"userId\":\"14\"}',4),(64,'2018-03-13 00:05:59',14,'{\"userHead\":\"http://images.nowcoder.com/head/970t.png\",\"questionId\":\"40\",\"questionTitle\":\"神经网络为什么可以（理论上）拟合任何函数？\",\"userName\":\"AAA\",\"userId\":\"14\"}',1),(65,'2018-03-13 00:06:10',15,'{\"userHead\":\"http://images.nowcoder.com/head/956t.png\",\"questionId\":\"40\",\"questionTitle\":\"神经网络为什么可以（理论上）拟合任何函数？\",\"userName\":\"BBB\",\"userId\":\"15\"}',4),(66,'2018-03-13 00:06:19',15,'{\"userHead\":\"http://images.nowcoder.com/head/956t.png\",\"questionId\":\"40\",\"questionTitle\":\"神经网络为什么可以（理论上）拟合任何函数？\",\"userName\":\"BBB\",\"userId\":\"15\"}',1),(67,'2018-03-13 00:06:54',15,'{\"userHead\":\"http://images.nowcoder.com/head/956t.png\",\"questionId\":\"41\",\"questionTitle\":\"为什么部分看起来不太复杂的网站，比如Facebook，需要大量顶尖高手来开发？\",\"userName\":\"BBB\",\"userId\":\"15\"}',6),(68,'2018-03-13 00:06:57',15,'{\"userHead\":\"http://images.nowcoder.com/head/956t.png\",\"questionId\":\"41\",\"questionTitle\":\"为什么部分看起来不太复杂的网站，比如Facebook，需要大量顶尖高手来开发？\",\"userName\":\"BBB\",\"userId\":\"15\"}',4),(69,'2018-03-13 00:07:21',14,'{\"userHead\":\"http://images.nowcoder.com/head/970t.png\",\"questionId\":\"41\",\"questionTitle\":\"为什么部分看起来不太复杂的网站，比如Facebook，需要大量顶尖高手来开发？\",\"userName\":\"AAA\",\"userId\":\"14\"}',4),(70,'2018-03-13 00:07:25',14,'{\"userHead\":\"http://images.nowcoder.com/head/970t.png\",\"questionId\":\"41\",\"questionTitle\":\"为什么部分看起来不太复杂的网站，比如Facebook，需要大量顶尖高手来开发？\",\"userName\":\"AAA\",\"userId\":\"14\"}',1),(71,'2018-03-13 00:07:37',16,'{\"userHead\":\"http://images.nowcoder.com/head/169t.png\",\"questionId\":\"41\",\"questionTitle\":\"为什么部分看起来不太复杂的网站，比如Facebook，需要大量顶尖高手来开发？\",\"userName\":\"CCC\",\"userId\":\"16\"}',4),(72,'2018-03-13 00:07:57',16,'{\"userHead\":\"http://images.nowcoder.com/head/169t.png\",\"questionId\":\"41\",\"questionTitle\":\"为什么部分看起来不太复杂的网站，比如Facebook，需要大量顶尖高手来开发？\",\"userName\":\"CCC\",\"userId\":\"16\"}',1),(73,'2018-03-13 00:08:07',2,'{\"userHead\":\"http://images.nowcoder.com/head/447t.png\",\"questionId\":\"41\",\"questionTitle\":\"为什么部分看起来不太复杂的网站，比如Facebook，需要大量顶尖高手来开发？\",\"userName\":\"admin\",\"userId\":\"2\"}',4),(74,'2018-03-13 00:08:16',2,'{\"userHead\":\"http://images.nowcoder.com/head/447t.png\",\"questionId\":\"41\",\"questionTitle\":\"为什么部分看起来不太复杂的网站，比如Facebook，需要大量顶尖高手来开发？\",\"userName\":\"admin\",\"userId\":\"2\"}',1),(75,'2018-03-13 00:12:27',15,'{\"userHead\":\"http://images.nowcoder.com/head/956t.png\",\"questionId\":\"37\",\"questionTitle\":\"天黑了\",\"userName\":\"BBB\",\"userId\":\"15\"}',4),(76,'2018-03-13 00:12:34',15,'{\"userHead\":\"http://images.nowcoder.com/head/956t.png\",\"questionId\":\"37\",\"questionTitle\":\"天黑了\",\"userName\":\"BBB\",\"userId\":\"15\"}',1),(77,'2018-03-13 00:12:42',15,'{\"userHead\":\"http://images.nowcoder.com/head/956t.png\",\"questionId\":\"32\",\"questionTitle\":\"网络\",\"userName\":\"BBB\",\"userId\":\"15\"}',4),(78,'2018-03-13 00:12:45',15,'{\"userHead\":\"http://images.nowcoder.com/head/956t.png\",\"questionId\":\"32\",\"questionTitle\":\"网络\",\"userName\":\"BBB\",\"userId\":\"15\"}',1),(79,'2018-03-13 00:12:54',15,'{\"userHead\":\"http://images.nowcoder.com/head/956t.png\",\"questionId\":\"33\",\"questionTitle\":\"新的一天\",\"userName\":\"BBB\",\"userId\":\"15\"}',4),(80,'2018-03-13 00:12:55',15,'{\"userHead\":\"http://images.nowcoder.com/head/956t.png\",\"questionId\":\"33\",\"questionTitle\":\"新的一天\",\"userName\":\"BBB\",\"userId\":\"15\"}',1),(81,'2018-03-13 00:12:59',15,'{\"userHead\":\"http://images.nowcoder.com/head/956t.png\",\"questionId\":\"34\",\"questionTitle\":\"再问个问题\",\"userName\":\"BBB\",\"userId\":\"15\"}',4),(82,'2018-03-13 00:13:08',15,'{\"userHead\":\"http://images.nowcoder.com/head/956t.png\",\"questionId\":\"34\",\"questionTitle\":\"再问个问题\",\"userName\":\"BBB\",\"userId\":\"15\"}',1),(83,'2018-03-13 00:13:18',16,'{\"userHead\":\"http://images.nowcoder.com/head/169t.png\",\"questionId\":\"34\",\"questionTitle\":\"再问个问题\",\"userName\":\"CCC\",\"userId\":\"16\"}',4),(84,'2018-03-13 00:13:25',16,'{\"userHead\":\"http://images.nowcoder.com/head/169t.png\",\"questionId\":\"33\",\"questionTitle\":\"新的一天\",\"userName\":\"CCC\",\"userId\":\"16\"}',1),(85,'2018-03-13 00:13:25',16,'{\"userHead\":\"http://images.nowcoder.com/head/169t.png\",\"questionId\":\"33\",\"questionTitle\":\"新的一天\",\"userName\":\"CCC\",\"userId\":\"16\"}',4),(86,'2018-03-13 11:50:39',14,'{\"userHead\":\"http://images.nowcoder.com/head/970t.png\",\"questionId\":\"42\",\"questionTitle\":\"中文\",\"userName\":\"AAA\",\"userId\":\"14\"}',6),(87,'2018-03-13 11:50:46',14,'{\"userHead\":\"http://images.nowcoder.com/head/970t.png\",\"questionId\":\"42\",\"questionTitle\":\"中文\",\"userName\":\"AAA\",\"userId\":\"14\"}',1),(88,'2018-03-25 20:56:26',14,'{\"userHead\":\"http://images.nowcoder.com/head/970t.png\",\"questionId\":\"41\",\"questionTitle\":\"为什么部分看起来不太复杂的网站，比如Facebook，需要大量顶尖高手来开发？\",\"userName\":\"AAA\",\"userId\":\"14\"}',4);

/*Table structure for table `login_ticket` */

DROP TABLE IF EXISTS `login_ticket`;

CREATE TABLE `login_ticket` (
  `id` int(11) NOT NULL AUTO_INCREMENT,
  `user_id` int(11) NOT NULL,
  `ticket` varchar(45) NOT NULL,
  `expired` datetime NOT NULL,
  `status` int(11) DEFAULT '0',
  PRIMARY KEY (`id`),
  UNIQUE KEY `ticket_UNIQUE` (`ticket`)
) ENGINE=InnoDB AUTO_INCREMENT=136 DEFAULT CHARSET=utf8;

/*Data for the table `login_ticket` */

insert  into `login_ticket`(`id`,`user_id`,`ticket`,`expired`,`status`) values (6,14,'9251e45166964ebbb82a148070f7241a','2018-03-07 16:36:44',0),(7,14,'6ba0ba939149483d836ab05dfdb904e2','2018-03-07 16:37:03',0),(8,14,'48c061fc09744d02b41325b0b6f333b1','2018-03-07 19:10:27',0),(9,14,'b0a0037b800342ce96c325221a94a629','2018-03-07 19:16:42',1),(10,14,'1b39cda7dfd6498da55fc66254457cb2','2018-03-07 19:23:19',1),(11,16,'057579384a1a49b998b8df2a3d268132','2018-03-07 19:23:30',1),(12,14,'41a98e8537bb466289648d9035dbbe2f','2018-03-07 19:29:51',1),(13,14,'24cc97febe2541e2ad272a1a6dd85d92','2018-03-07 19:51:36',1),(14,14,'8bfcbb6c8b024d5cb4f68ebad3ad5ed1','2018-03-07 19:55:35',1),(15,14,'83eb9bde197948bbbe520cd3f65cdf25','2018-03-07 20:02:06',1),(16,14,'042a28edaa3242518606ba209fe1757c','2018-03-07 22:09:48',1),(17,14,'2325963ea9264776bf40b4c29ade1753','2018-03-07 22:11:15',1),(18,14,'729843b7780a439fa5631c6858a4232c','2018-03-08 00:04:40',1),(19,14,'5614d3fb47eb4dad9d9945b113c9a6c9','2018-03-08 00:10:52',1),(20,14,'97ec69f6d06f48f68e59a6ec1445a7d1','2018-03-08 00:15:15',1),(21,14,'6538f32218a84165b3c6a3071b67b70a','2018-03-08 15:08:46',0),(22,14,'1dc00ad164a54e6b9a156e48b95dcad9','2018-03-08 19:44:12',0),(23,14,'7aaa1460dd084c978c501aed6116de12','2018-03-08 19:44:28',1),(24,15,'ccdf35500f324ed8812e088f60b68fe1','2018-03-08 20:11:26',1),(25,14,'969db22fe25e44fc807b4934ad96cc7e','2018-03-08 20:12:28',1),(26,14,'32041e92284f439e9a31bfbcd69e5bed','2018-03-08 21:13:27',1),(27,15,'753995dba63b4335b5efb2ad57895de1','2018-03-08 22:30:20',1),(28,14,'7fe4b0dd68464fd7850040b93fd68dc5','2018-03-08 22:30:39',1),(29,15,'36dfe99708064e21af061d2fd16483ec','2018-03-08 22:31:04',1),(30,14,'4e9d31a0e7c74cd2a876ae2569c7ad90','2018-03-08 22:31:31',1),(31,15,'1d86aa6b650041bc96f5d74895059a27','2018-03-08 23:09:36',1),(32,14,'f1f79d2093c54f19b50231518d98a1fd','2018-03-08 23:10:38',1),(33,14,'1dbe86520eda4c1b9c128f0229b35875','2018-03-09 14:19:40',1),(34,14,'02ee0424c36e44899528a9b2e09be503','2018-03-09 14:38:42',1),(35,14,'d6f5554c98494a5f81ad3f40bdd68585','2018-03-09 14:39:58',1),(36,15,'c644edffb53f4c4384d1ae01b1b259da','2018-03-09 14:42:39',1),(37,15,'c21f2f8a2f404b898ed4ad8fda6f4a4a','2018-03-09 14:45:20',1),(38,15,'866544730362463db6caec25d2024ff6','2018-03-09 14:46:38',1),(39,15,'31aaff35fa904dde8bab81ab1b8d8f9c','2018-03-09 14:59:38',1),(40,15,'52a920df44dd425bb78ddb8ca96db5af','2018-03-09 15:02:36',0),(41,14,'c72f51ee37824586a4c025429d2a882c','2018-03-09 15:08:15',1),(42,2,'6ba3323d73e448efad3439b3a53158e5','2018-03-09 16:10:00',1),(43,14,'52942dc27a3c4ebc9e2113487b38ef42','2018-03-09 16:10:18',1),(44,2,'58d24bb08d834bff81f3cf76ede497ff','2018-03-09 16:13:58',1),(45,14,'25f91cdb8590465f81e19180fdd74fc5','2018-03-09 16:14:11',1),(46,15,'0f9f44ed3b9d49a5b755dc809d4ed60e','2018-03-09 16:28:53',1),(47,14,'a23bdadcdecf4b918ad270824449d576','2018-03-09 16:30:06',1),(48,15,'5aca7be3a8a5454e82daef2c3dff5b6f','2018-03-09 16:30:19',1),(49,14,'3aadd369432347f2866598240385c115','2018-03-09 17:01:28',1),(50,14,'35c8107689714811aba3aa942252b8f6','2018-03-09 19:58:06',1),(51,14,'55c3e135c87f4e22b92f556586c24f43','2018-03-09 20:00:42',1),(52,14,'42e4c4f995c44281884c1b372fe32401','2018-03-09 20:06:02',1),(53,14,'751c8fa8cbc74f5387b7c339027d3f35','2018-03-09 20:24:34',1),(54,14,'571cf985bba04d37ac73c1cdf889b3dd','2018-03-09 20:32:45',1),(55,14,'b2e2f1ecd0864affb607ee847e8df35b','2018-03-09 21:03:51',1),(56,14,'f6d925062ebb4feab068ee2c442d693d','2018-03-09 21:04:41',1),(57,2,'c00e85a1c65842e7ac944ca280f73a1d','2018-03-09 21:36:20',1),(58,14,'433cb682c3f34b568cc3d175cbf727af','2018-03-09 21:36:29',1),(59,14,'033ac0b7c6bc4fd8975d6d928e6d7e83','2018-03-09 22:04:35',1),(60,14,'16d289fd0b1b4dd7ab52e40c2d1e4b0d','2018-03-09 23:25:20',1),(61,15,'f76ae6f1025f4722920850341a6afdb9','2018-03-09 23:25:31',1),(62,14,'54deed13a0b54935b00118b69e8b0ac2','2018-03-09 23:52:06',1),(63,2,'f8fe639b4248454fa7d1d6ca8b918b1f','2018-03-09 23:53:00',1),(64,15,'a8838d14afb64f33a17d10ebc9713228','2018-03-09 23:53:19',1),(65,14,'8d221a33a6834ccd9c24c00b20bc0114','2018-03-10 00:04:07',1),(66,15,'1954f5f1c73846e8906c9dad975ab9c4','2018-03-10 00:06:06',1),(67,2,'6b1c78f9e37047f081322dfa54f49054','2018-03-10 00:06:28',1),(68,14,'8441bdea21ba4969a2e179b7622cff44','2018-03-10 00:09:32',1),(69,15,'8848af28ce8245dab4828b92c7e7fe6d','2018-03-10 00:10:07',1),(70,14,'07320367ddc842ce8b8f778cd7fff2c6','2018-03-10 00:10:28',1),(71,14,'78360ca08cc64e3fa0e86f213aeb53b3','2018-03-10 09:37:06',0),(72,14,'7c63009e49db4c23a7aec9f39b5ca562','2018-03-11 16:52:52',1),(73,15,'e6243fd545eb4fa4972701a8a9bfb4ff','2018-03-11 17:14:50',1),(74,14,'90803c11668a4a76a23c10a7965b46a4','2018-03-11 17:22:01',1),(75,15,'b6684dfb169b450bb5fd73b3d1b826a5','2018-03-11 17:22:12',1),(76,14,'56251aca683e4457b24443897840deee','2018-03-11 17:22:48',1),(77,15,'54f2a0ae2126446da370dbdef77e0f02','2018-03-11 17:22:57',1),(78,14,'08458086f115442fb3616501db9f9940','2018-03-11 17:24:25',1),(79,15,'64d383293663468faf0e7e1f946f4961','2018-03-11 17:45:07',1),(80,14,'c663f47604bd4d9882bf089d92318814','2018-03-11 18:04:44',1),(81,15,'c8e921aa7c7e400e981c3d649672ff80','2018-03-11 18:09:47',1),(82,14,'b58783a565f74b89b07156996b2be332','2018-03-11 18:25:57',1),(83,15,'c6fd5bc422cb40e98900dea1a9892702','2018-03-11 18:26:04',1),(84,15,'ec70ded6b68e43d5b2ed1e7bb58da46c','2018-03-11 18:35:29',0),(85,15,'3a2731f797534458bbb397ac329b4e82','2018-03-11 19:27:24',1),(86,2,'55287c42faba4962844cb87486d46d07','2018-03-11 20:17:47',1),(87,14,'1631a13fdc2046ccac8d2ed6aad89888','2018-03-11 20:18:07',1),(88,14,'440518541a9243a3a9b10805f45ded96','2018-03-11 20:18:29',1),(89,14,'bcae6ada2b144049996774ea5f3a03b4','2018-03-11 20:45:46',1),(90,14,'a04208429257456c8d62496b9877c6e9','2018-03-11 20:53:31',1),(91,14,'a6c0f82ab6fe46f6ab9146a97c32e42d','2018-03-11 20:57:08',1),(92,14,'f6df1bb83dfb43fcb77b9032f7c8649f','2018-03-11 20:57:43',1),(93,14,'6aab7879be7642849a3f3a3f9fcf6da6','2018-03-11 21:04:57',1),(94,14,'d45d8c453c9d4ef9bb40d21b5084f9ad','2018-03-11 21:12:14',1),(95,14,'7a5101959bf240a4b05140b09eaf3e56','2018-03-11 21:14:36',1),(96,14,'23146e75135f4473b773fa5b47483e9d','2018-03-11 21:23:12',1),(97,14,'2389e0a4db174f8ba2511f60b4c28414','2018-03-11 21:24:51',1),(98,15,'b4312e2b42754954a4c2df623597e07a','2018-03-11 21:27:56',1),(99,14,'4c2cff093ec04e79b5cd391f8a71f905','2018-03-11 21:28:38',0),(100,14,'c617ceb02d04475ea51e31c537988ba0','2018-03-13 20:07:19',1),(101,14,'74ff1abc5c5a417e8911ec38b4b52da7','2018-03-13 23:45:50',1),(102,16,'f27b2670551644b8b9a29dc0076df0ec','2018-03-13 23:53:14',1),(103,2,'6eb237f98bcf4c63b46e97368ad1d0a7','2018-03-13 23:57:33',1),(104,15,'5c7b2ad113d349fe91c41890ac4e8149','2018-03-13 23:59:10',1),(105,16,'796b08e012d74d60adb3db30c1d9a89f','2018-03-14 00:01:49',1),(106,14,'13e8d8510f094c5892aae04b2cda76c2','2018-03-14 00:02:36',1),(107,15,'a9b9cd7f561e414090f93dc016235f53','2018-03-14 00:03:39',1),(108,2,'c2829764c5aa4cf69350cf26584adf56','2018-03-14 00:04:14',1),(109,2,'d4ec3ebc77d242acbb66e6b5f75505fd','2018-03-14 00:05:08',1),(110,14,'6e9144e047594ba7a09f632dfc8c3ae7','2018-03-14 00:05:50',1),(111,15,'b4b50e20de504f69bccf76d6381379e9','2018-03-14 00:06:07',1),(112,15,'f89eb459a3a345edbc47d8b3b836ce48','2018-03-14 00:06:30',1),(113,14,'1831e44536ec46b9a0e99a80f9bbfab7','2018-03-14 00:07:19',1),(114,16,'182bf795b3174ac39b6c5530c147af06','2018-03-14 00:07:31',1),(115,2,'3e51feb02c84400e9204eca8b33f19a8','2018-03-14 00:08:04',1),(116,15,'228892545c684011aabd9298055ff2d6','2018-03-14 00:12:24',1),(117,16,'1b2688262c3d4b098255208bea92e0b3','2018-03-14 00:13:15',1),(118,14,'cc6f08bc8c9940409989962112a64240','2018-03-14 00:28:32',1),(119,14,'68d29a6eec56434c8b6105d47c247208','2018-03-14 13:50:55',1),(120,14,'d631c7164b48446495ef5e716ecdb21c','2018-03-14 15:27:29',1),(121,17,'01d3bbee061249ae991f714776fbfa44','2018-03-14 16:42:58',1),(122,17,'621488b1d0344e75990f5566bf004ce9','2018-03-14 16:43:18',1),(123,14,'3ab6301830494cf3b9994894240a9f6a','2018-03-14 16:43:57',1),(124,17,'f7a7b1bc58c24b4b8fc90e0a733cae81','2018-03-14 16:44:22',1),(125,18,'eb37464c9fcf4986932a850424dd3101','2018-03-14 16:47:56',1),(126,18,'d4ba9ccc0b714a8f866cad7bc8103e37','2018-03-14 16:58:03',1),(127,18,'b6bdf9ec8f324d1e9ae8c3f678f5ecc7','2018-03-14 17:24:00',1),(128,19,'875b61ac78ef40c79d45b78054318d98','2018-03-14 17:32:51',0),(129,14,'c409fee57ad246b2b23415c1c589ac5f','2018-03-14 23:22:16',1),(130,14,'36b8d8d55a2943d19dafefd44593e211','2018-03-21 17:23:43',0),(131,14,'ff67544bfe1f46a7ae0805cb35361531','2018-03-24 23:30:18',0),(132,14,'f9a34a4b2fec4136bfd4aeb28a8c9419','2018-03-26 20:56:22',0),(133,14,'610b1d8a5f844dab8fd4090e083dab67','2018-04-19 16:46:18',0),(134,14,'49b169ca19b84be7be81213c9c7b5b8f','2018-05-04 20:26:15',1),(135,14,'a5871dc85d3b43bb87de16c2695de0a5','2018-05-04 20:34:25',1);

/*Table structure for table `message` */

DROP TABLE IF EXISTS `message`;

CREATE TABLE `message` (
  `id` int(11) NOT NULL AUTO_INCREMENT,
  `from_id` int(11) DEFAULT NULL,
  `to_id` int(11) DEFAULT NULL,
  `content` text,
  `created_date` datetime DEFAULT NULL,
  `has_read` int(11) DEFAULT NULL,
  `conversation_id` varchar(45) NOT NULL,
  PRIMARY KEY (`id`),
  KEY `conversation_index` (`conversation_id`),
  KEY `created_date` (`created_date`)
) ENGINE=InnoDB AUTO_INCREMENT=151 DEFAULT CHARSET=utf8;

/*Data for the table `message` */

insert  into `message`(`id`,`from_id`,`to_id`,`content`,`created_date`,`has_read`,`conversation_id`) values (2,14,14,'aaa','2018-03-07 19:44:17',1,'14_14'),(3,14,14,'1234567','2018-03-07 19:58:57',1,'14_14'),(4,14,14,'1234567','2018-03-07 20:04:21',1,'14_14'),(5,15,14,'初次见面','2018-03-07 20:11:39',1,'14_15'),(6,15,14,'请多关照','2018-03-07 20:11:52',1,'14_15'),(7,14,15,'你好','2018-03-07 20:20:34',1,'14_15'),(8,15,14,'我的回复~','2018-03-07 22:31:18',1,'14_15'),(9,14,15,'你好好','2018-03-07 23:09:13',1,'14_15'),(10,15,14,'ABCDEFG','2018-03-07 23:10:05',1,'14_15'),(11,2,14,'你已经违规','2018-03-08 16:10:12',1,'2_14'),(12,2,14,'用户admin赞了你的评论,question/22','2018-03-08 16:14:03',1,'2_14'),(13,2,15,'用户AAA赞了你的评论,question/22','2018-03-08 16:30:12',1,'2_15'),(14,2,14,'用户BBB赞了你的评论,question/22','2018-03-08 17:01:21',1,'2_14'),(15,2,14,'用户AAA赞了你的评论,question/23','2018-03-08 19:29:39',1,'2_14'),(16,2,15,'用户AAA赞了你的评论,question/23','2018-03-08 19:29:40',1,'2_15'),(17,14,14,'123','2018-03-08 19:29:56',1,'14_14'),(18,2,14,'用户admin赞了你的评论,question/23','2018-03-08 21:36:24',1,'2_14'),(29,2,2,'用户admin关注了你,user/2','2018-03-09 00:09:19',1,'2_2'),(30,2,15,'用户AAA关注了你,user/14','2018-03-09 00:09:48',1,'2_15'),(31,2,14,'用户BBB关注了你,user/15','2018-03-09 00:10:20',1,'2_14'),(32,2,14,'用户AAA关注了你,user/14','2018-03-09 00:10:34',1,'2_14'),(33,2,14,'用户AAA赞了你的评论,question/23','2018-03-09 00:24:27',1,'2_14'),(34,2,14,'用户AAA赞了你的评论,question/23','2018-03-10 16:53:04',1,'2_14'),(35,2,15,'用户admin关注了你的问题,question/23','2018-03-10 17:09:37',1,'2_15'),(36,2,15,'用户admin关注了你的问题,question/23','2018-03-10 17:12:23',1,'2_15'),(37,2,15,'用户admin关注了你的问题,question/23','2018-03-10 17:22:52',1,'2_15'),(38,2,15,'用户admin关注了你的问题,question/23','2018-03-10 17:40:36',1,'2_15'),(39,2,15,'nihao','2018-03-10 18:09:40',1,'2_15'),(40,2,15,'nihao','2018-03-10 18:10:53',1,'2_15'),(41,2,15,'nihao','2018-03-10 18:13:14',1,'2_15'),(42,2,15,'nihao','2018-03-10 18:14:23',1,'2_15'),(43,2,15,'nihao','2018-03-10 18:15:26',1,'2_15'),(44,2,15,'nihao','2018-03-10 18:17:49',1,'2_15'),(45,2,15,'nihao','2018-03-10 18:25:16',1,'2_15'),(46,2,15,'nihao','2018-03-10 18:25:59',1,'2_15'),(47,2,15,'nihao','2018-03-10 18:33:50',1,'2_15'),(48,2,15,'nihao','2018-03-10 18:36:35',1,'2_15'),(49,2,15,'nihao','2018-03-10 18:41:39',1,'2_15'),(50,2,15,'nihao','2018-03-10 18:44:50',1,'2_15'),(51,2,15,'nihao','2018-03-10 18:46:46',1,'2_15'),(52,2,15,'nihao','2018-03-10 18:47:02',1,'2_15'),(53,2,15,'nihao','2018-03-10 18:47:55',1,'2_15'),(54,2,15,'用户BBB关注了你的问题,question/23','2018-03-10 18:51:36',1,'2_15'),(55,2,15,'用户BBB关注了你的问题,question/23','2018-03-10 19:09:36',0,'2_15'),(56,2,15,'用户BBB关注了你的问题,question/23','2018-03-10 19:13:17',0,'2_15'),(57,2,15,'用户BBB关注了你的问题,question/23','2018-03-10 19:13:26',0,'2_15'),(58,2,15,'用户BBB关注了你的问题,question/23','2018-03-10 19:13:35',0,'2_15'),(59,2,15,'用户BBB关注了你的问题,question/23','2018-03-10 19:15:06',0,'2_15'),(60,2,15,'用户BBB关注了你的问题,question/23','2018-03-10 19:15:09',0,'2_15'),(61,2,15,'用户BBB关注了你的问题,question/23','2018-03-10 19:15:56',0,'2_15'),(62,2,15,'用户BBB关注了你的问题,question/23','2018-03-10 19:25:22',0,'2_15'),(63,2,15,'用户BBB关注了你的问题,question/23','2018-03-10 19:27:26',0,'2_15'),(64,2,2,'用户BBB关注了你,user/15','2018-03-10 20:17:30',0,'2_2'),(65,2,15,'用户BBB关注了你,user/15','2018-03-10 20:17:39',0,'2_15'),(66,2,14,'用户admin关注了你,user/2','2018-03-10 20:17:56',1,'2_14'),(67,2,15,'用户admin关注了你,user/2','2018-03-10 20:18:00',0,'2_15'),(68,2,2,'用户admin关注了你,user/2','2018-03-10 20:18:04',0,'2_2'),(69,2,15,'用户AAA关注了你,user/14','2018-03-10 20:18:15',0,'2_15'),(70,2,2,'用户AAA关注了你,user/14','2018-03-10 20:18:19',0,'2_2'),(71,2,15,'用户AAA关注了你的问题,question/23','2018-03-10 20:22:28',0,'2_15'),(72,2,14,'用户AAA关注了你的问题,question/22','2018-03-10 20:22:32',1,'2_14'),(73,2,14,'用户AAA关注了你的问题,question/21','2018-03-10 20:22:34',1,'2_14'),(74,2,14,'用户AAA关注了你的问题,question/19','2018-03-10 20:22:38',1,'2_14'),(75,2,14,'用户AAA关注了你的问题,question/18','2018-03-10 20:53:38',1,'2_14'),(76,2,14,'用户AAA关注了你的问题,question/22','2018-03-10 20:57:11',1,'2_14'),(77,2,14,'用户AAA关注了你的问题,question/24','2018-03-10 21:05:01',1,'2_14'),(78,2,14,'用户BBB关注了你的问题,question/31','2018-03-10 21:28:07',1,'2_14'),(79,2,14,'用户BBB关注了你的问题,question/28','2018-03-10 21:28:19',1,'2_14'),(80,2,14,'用户AAA关注了你的问题,question/29','2018-03-11 10:54:12',1,'2_14'),(81,2,14,'用户AAA关注了你的问题,question/35','2018-03-12 20:59:04',1,'2_14'),(82,2,14,'用户AAA关注了你的问题,question/37','2018-03-12 23:32:51',1,'2_14'),(83,2,14,'用户AAA关注了你的问题,question/36','2018-03-12 23:32:54',1,'2_14'),(84,2,14,'用户AAA关注了你的问题,question/34','2018-03-12 23:33:00',1,'2_14'),(85,2,14,'用户AAA关注了你的问题,question/33','2018-03-12 23:33:04',1,'2_14'),(86,2,14,'用户AAA关注了你的问题,question/32','2018-03-12 23:33:21',1,'2_14'),(87,2,14,'用户AAA关注了你的问题,question/31','2018-03-12 23:33:24',1,'2_14'),(88,2,14,'用户AAA关注了你的问题,question/30','2018-03-12 23:33:27',1,'2_14'),(89,2,14,'用户AAA关注了你的问题,question/29','2018-03-12 23:33:29',1,'2_14'),(90,2,14,'用户AAA关注了你的问题,question/28','2018-03-12 23:33:39',1,'2_14'),(91,14,15,'rrer','2018-03-12 23:46:25',0,'14_15'),(92,2,16,'用户CCC赞了你的评论,question/38','2018-03-12 23:56:03',0,'2_16'),(93,2,14,'用户CCC关注了你的问题,question/38','2018-03-12 23:56:05',1,'2_14'),(94,2,2,'用户CCC关注了你,user/16','2018-03-12 23:56:42',0,'2_2'),(95,2,14,'用户CCC关注了你,user/16','2018-03-12 23:56:46',1,'2_14'),(96,2,15,'用户CCC关注了你,user/16','2018-03-12 23:56:51',0,'2_15'),(97,2,16,'用户CCC关注了你,user/16','2018-03-12 23:56:57',0,'2_16'),(98,2,14,'用户admin关注了你的问题,question/38','2018-03-12 23:57:36',1,'2_14'),(99,2,16,'用户admin赞了你的评论,question/38','2018-03-12 23:57:37',0,'2_16'),(100,2,2,'用户admin赞了你的评论,question/38','2018-03-12 23:57:53',0,'2_2'),(101,2,16,'用户admin关注了你,user/2','2018-03-12 23:59:04',0,'2_16'),(102,2,14,'用户BBB关注了你的问题,question/38','2018-03-12 23:59:13',1,'2_14'),(103,2,2,'用户BBB赞了你的评论,question/38','2018-03-12 23:59:14',0,'2_2'),(104,2,16,'用户BBB赞了你的评论,question/38','2018-03-12 23:59:14',0,'2_16'),(105,2,15,'用户BBB赞了你的评论,question/38','2018-03-12 23:59:34',0,'2_15'),(106,2,16,'用户BBB关注了你,user/15','2018-03-12 23:59:45',0,'2_16'),(107,2,16,'用户CCC关注了你的问题,question/39','2018-03-13 00:02:31',0,'2_16'),(108,2,16,'用户AAA关注了你的问题,question/39','2018-03-13 00:02:39',0,'2_16'),(109,2,14,'用户AAA赞了你的评论,question/39','2018-03-13 00:03:32',1,'2_14'),(110,2,14,'用户BBB赞了你的评论,question/39','2018-03-13 00:03:52',1,'2_14'),(111,2,16,'用户BBB关注了你的问题,question/39','2018-03-13 00:03:52',0,'2_16'),(112,2,15,'用户BBB赞了你的评论,question/39','2018-03-13 00:04:04',0,'2_15'),(113,2,16,'用户admin关注了你的问题,question/39','2018-03-13 00:04:17',0,'2_16'),(114,2,15,'用户admin赞了你的评论,question/39','2018-03-13 00:04:17',0,'2_15'),(115,2,14,'用户admin赞了你的评论,question/39','2018-03-13 00:04:18',1,'2_14'),(116,2,14,'用户admin赞了你的评论,question/39','2018-03-13 00:04:19',1,'2_14'),(117,2,2,'用户admin赞了你的评论,question/39','2018-03-13 00:04:32',0,'2_2'),(118,2,15,'用户admin赞了你的评论,question/39','2018-03-13 00:04:37',0,'2_15'),(119,2,14,'用户admin赞了你的评论,question/39','2018-03-13 00:04:38',1,'2_14'),(120,2,2,'用户admin关注了你的问题,question/40','2018-03-13 00:05:38',0,'2_2'),(121,2,2,'用户AAA关注了你的问题,question/40','2018-03-13 00:05:52',0,'2_2'),(122,2,14,'用户AAA赞了你的评论,question/40','2018-03-13 00:06:01',1,'2_14'),(123,2,14,'用户BBB赞了你的评论,question/40','2018-03-13 00:06:09',1,'2_14'),(124,2,2,'用户BBB关注了你的问题,question/40','2018-03-13 00:06:10',0,'2_2'),(125,2,15,'用户BBB赞了你的评论,question/40','2018-03-13 00:06:20',0,'2_15'),(126,2,15,'用户BBB关注了你的问题,question/41','2018-03-13 00:06:57',0,'2_15'),(127,2,15,'用户AAA关注了你的问题,question/41','2018-03-13 00:07:21',0,'2_15'),(128,2,14,'用户AAA赞了你的评论,question/41','2018-03-13 00:07:26',1,'2_14'),(129,2,14,'用户CCC赞了你的评论,question/41','2018-03-13 00:07:36',1,'2_14'),(130,2,15,'用户CCC关注了你的问题,question/41','2018-03-13 00:07:37',0,'2_15'),(131,2,16,'用户CCC赞了你的评论,question/41','2018-03-13 00:07:58',0,'2_16'),(132,2,16,'用户admin赞了你的评论,question/41','2018-03-13 00:08:06',0,'2_16'),(133,2,14,'用户admin赞了你的评论,question/41','2018-03-13 00:08:07',1,'2_14'),(134,2,15,'用户admin关注了你的问题,question/41','2018-03-13 00:08:07',0,'2_15'),(135,2,2,'用户admin赞了你的评论,question/41','2018-03-13 00:08:20',0,'2_2'),(136,2,14,'用户BBB关注了你的问题,question/37','2018-03-13 00:12:27',1,'2_14'),(137,2,15,'用户BBB赞了你的评论,question/37','2018-03-13 00:12:35',0,'2_15'),(138,2,14,'用户BBB关注了你的问题,question/32','2018-03-13 00:12:42',1,'2_14'),(139,2,15,'用户BBB赞了你的评论,question/32','2018-03-13 00:12:46',0,'2_15'),(140,2,14,'用户BBB关注了你的问题,question/33','2018-03-13 00:12:54',1,'2_14'),(141,2,15,'用户BBB赞了你的评论,question/33','2018-03-13 00:12:56',0,'2_15'),(142,2,14,'用户BBB关注了你的问题,question/34','2018-03-13 00:13:00',1,'2_14'),(143,2,15,'用户BBB赞了你的评论,question/34','2018-03-13 00:13:09',0,'2_15'),(144,2,15,'用户CCC赞了你的评论,question/34','2018-03-13 00:13:17',0,'2_15'),(145,2,14,'用户CCC关注了你的问题,question/34','2018-03-13 00:13:18',1,'2_14'),(146,2,14,'用户CCC关注了你的问题,question/33','2018-03-13 00:13:25',1,'2_14'),(147,2,16,'用户CCC赞了你的评论,question/33','2018-03-13 00:13:26',0,'2_16'),(148,2,15,'用户CCC赞了你的评论,question/33','2018-03-13 00:13:26',0,'2_15'),(149,2,2,'用户CCC赞了你的评论,question/41','2018-03-13 00:14:29',0,'2_2'),(150,2,15,'用户AAA关注了你的问题,question/41','2018-03-25 20:56:26',0,'2_15');

/*Table structure for table `question` */

DROP TABLE IF EXISTS `question`;

CREATE TABLE `question` (
  `id` int(11) NOT NULL AUTO_INCREMENT,
  `title` varchar(255) NOT NULL,
  `content` text,
  `user_id` int(11) NOT NULL,
  `created_date` datetime NOT NULL,
  `comment_count` int(11) NOT NULL,
  PRIMARY KEY (`id`),
  KEY `date_index` (`created_date`)
) ENGINE=InnoDB AUTO_INCREMENT=42 DEFAULT CHARSET=utf8;

/*Data for the table `question` */

insert  into `question`(`id`,`title`,`content`,`user_id`,`created_date`,`comment_count`) values (18,'问题111','问题描述111',14,'2018-03-07 17:35:48',2),(19,'问题222','问题描述222',14,'2018-03-07 17:36:02',1),(20,'问题333','问题描述333',14,'2018-03-07 17:36:12',1),(21,'你好','你好你好',14,'2018-03-07 17:36:25',1),(22,'今天天气怎么样','不怎么样',14,'2018-03-07 17:36:42',2),(23,'灌水','灌水了！',15,'2018-03-07 22:30:30',2),(24,'feed流','我发了一个新的问题',14,'2018-03-10 20:22:21',2),(25,'测试一下提问','是否会加入信息流',14,'2018-03-10 21:12:37',0),(26,'再次测试一下提问','是否会加入信息流',14,'2018-03-10 21:14:51',0),(27,'123','123',14,'2018-03-10 21:22:26',0),(28,'请插入***','***',14,'2018-03-10 21:23:32',1),(29,'水','水',14,'2018-03-10 21:24:57',0),(30,'123','123',14,'2018-03-10 21:25:27',0),(31,'水水','水水',14,'2018-03-10 21:26:16',0),(32,'网络','网络',14,'2018-03-12 20:07:28',1),(33,'新的一天','新的一天',14,'2018-03-12 20:34:26',2),(34,'再问个问题','随便问问',14,'2018-03-12 20:46:53',1),(35,'东南大学','东南大学',14,'2018-03-12 20:49:48',0),(36,'全文索引测试','全文索引测试',14,'2018-03-12 20:56:03',0),(37,'天黑了','回去吧',14,'2018-03-12 21:53:39',1),(38,'为什么在中国搞不出 Spark 和 Hadoop 这种东西？','先问是不是，再问为什么，不要耍流氓！\n国内hadoop类似产品不止一个吧，估计还胜过现在的hadoop，现在hadoop可不是啥核心科技\n----------------------------------\n我是一名CS学生，我想听听对题目问题的看法。 我很好奇是哪些本质的东西决定了在美国搞出了这些东西，在中国就没有出现。我能想到的原因就是：我觉得国内的互联网环境更关心怎么赚钱怎么快速迭代产品，而对于技术创新投入不够。',14,'2018-03-12 23:52:59',3),(39,'servlet的本质是什么，它是如何工作的？','servlet的本质是什么，它是如何工作的？基于计算机和网络通讯(主要是http协议)构建网络应用的，具体的实现细节是怎样的?',16,'2018-03-13 00:02:28',3),(40,'神经网络为什么可以（理论上）拟合任何函数？','神经网络可以拟合任何函数的理论是如何证明的？需要多少层隐层，每一层需要多少神经元？',2,'2018-03-13 00:05:31',2),(41,'为什么部分看起来不太复杂的网站，比如Facebook，需要大量顶尖高手来开发？','看起来并不是很难啊',15,'2018-03-13 00:06:54',6);

/*Table structure for table `user` */

DROP TABLE IF EXISTS `user`;

CREATE TABLE `user` (
  `id` int(11) unsigned NOT NULL AUTO_INCREMENT,
  `name` varchar(64) NOT NULL DEFAULT '',
  `password` varchar(128) NOT NULL DEFAULT '',
  `salt` varchar(32) NOT NULL DEFAULT '',
  `head_url` varchar(256) NOT NULL DEFAULT '',
  `email` varchar(32) DEFAULT '',
  PRIMARY KEY (`id`),
  UNIQUE KEY `name` (`name`)
) ENGINE=InnoDB AUTO_INCREMENT=20 DEFAULT CHARSET=utf8;

/*Data for the table `user` */

insert  into `user`(`id`,`name`,`password`,`salt`,`head_url`,`email`) values (2,'admin','C1504FE831DD0F254071D01C852E71D3','2a0f8','http://images.nowcoder.com/head/447t.png','gaojnxg@163.com'),(3,'匿名用户','C1504FE831DD0F254071D01C852E71D3','2a0f8','http://images.nowcoder.com/head/448t.png','gaojnxg@163.com'),(14,'AAA','0F474B7CED3C0A8E8F387FB20D1AFDD8','f9842','http://images.nowcoder.com/head/970t.png','gaojnxg@163.com'),(15,'BBB','39F7AE40B2A92257B8E47277C2FB75C0','b0e56','http://images.nowcoder.com/head/956t.png','gaojnxg@163.com'),(16,'CCC','53FEDF2578DB75295031047A9DC62D17','3ee51','http://images.nowcoder.com/head/169t.png','gaojnxg@163.com'),(17,'DDD','7BD30F60729E7148DE53C2F4A491D575','13c3b','http://images.nowcoder.com/head/107t.png','gaojnxg@163.com'),(18,'EEE','8BAB9C342E734E9641833CCCEFBD41A3','88d97','http://images.nowcoder.com/head/421t.png','gaojnxg@163.com'),(19,'FFF','4C9654AB1D53EAC2479E60F6F60B8D59','40e5c','http://images.nowcoder.com/head/930t.png','gaojnxg@163.com');

/*!40101 SET SQL_MODE=@OLD_SQL_MODE */;
/*!40014 SET FOREIGN_KEY_CHECKS=@OLD_FOREIGN_KEY_CHECKS */;
/*!40014 SET UNIQUE_CHECKS=@OLD_UNIQUE_CHECKS */;
/*!40111 SET SQL_NOTES=@OLD_SQL_NOTES */;
